sku,ean,descrizione,marchio,categoria1,categoria2,categoria3,prezzo_vendita,prezzo_pubblico,link_icecat,thumb_url,scheda_tecnica_presente
015796,8054187279461,AE55MI3 CUCINA 53CM 4F/GAS F.ELETT. CL.A C/GRILL INOX,GLEM,GED COTTURA,CUCINE CON FORNO ELETTRICO,,421.52,549.0,,,NO
045851,4002515105924,E9256140 ELEMENTO GIUNZIONE PER LAVATRICI BIANCO WTV502,MIELE,GED LAVAGGIO,ACCESSORI,ACCESSORI LAVATR./ASCIUG.,57.12,86.9,,,NO
049168,4002516678199,12421140 SACCHETTO POLVERE TIPO F/J/M HYCLEAN PURE 4PZ,MIELE,PED LINEA PULIZIA,ACCESSORI E RICAMBI,SACCHETTI,11.1,15.9,,,NO
049169,4002516769781,12421130 SACCHETTO POLVERE TIPO G/N HYCLEAN PURE 4PZ,MIELE,PED LINEA PULIZIA,ACCESSORI E RICAMBI,SACCHETTI,11.1,14.9,,,NO
053311,8004399180352,EO14552W FORNETTO EL. 1400W 14LT DIAM.31CM C/GRILL,DELONGHI,PED LINEA CUCINA,COTTURA,FORNI ELETTRICI,114.61,145.9,https://prf.icecat.biz/?shopname=el4u&smi=product&ean_upc=8004399180352&lang=it,https://inishop.com/img/gallery_thumbs/f26cb1d428d770f447cc854fd43deb51.jpg,SI
061021,4002515591444,10123260 SACCHETTO POLVERE HYCLEAN K/K SERIE S140/S157S163,MIELE,PED LINEA PULIZIA,ACCESSORI E RICAMBI,SACCHETTI,11.1,15.9,,,NO
11010107313,8073024916208,P4GFXV P.COTT. 60CM INOX 4F VALVOLATO,GLEM,GED INCASSO,PIANI COTTURA,A GAS,139.22,199.0,,,NO
287445,5413184151119,5KEK1522ECA BOLLITORE 2400W 1.5LT ARTISAN ROSSO MELA METALLIZZ,KITCHENAID,PED LINEA CUCINA,PREPARAZIONE CIBI,BOLLITORI,169.18,249.0,https://prf.icecat.biz/?shopname=el4u&smi=product&ean_upc=5413184151119&lang=it,https://images.icecat.biz/img/gallery_thumbs/23a6dbc0f766c2454b2fa37f379c1ace3b2b23f8.jpg,SI
287489,5413184170189,5KMT2204EER TOSTAPANE 1250W 7PROG. 2SCOMP. C/1 PINZA ART.ROSSO,KITCHENAID,PED LINEA CUCINA,COTTURA,ACCESSORI E RICAMBI,223.53,329.0,https://prf.icecat.biz/?shopname=el4u&smi=product&ean_upc=5413184170189&lang=it,https://images.icecat.biz/img/gallery_thumbs/c1d9207f145ddb38cb7ed3e7461954c11c7a61bc.jpg,SI
294258,5025232687848,ERGY10CM504 MULTIGROOMING RIC. 6IN1 WET&DRY AUTON.50MIN,PANASONIC,PED LINEA PERSONA,RASATURA,REGOLABARBA,31.85,34.9,https://prf.icecat.biz/?shopname=el4u&smi=product&ean_upc=5025232687848&lang=it,https://inishop.com/img/gallery_thumbs/39e986075ecb372f73b19141c5e7b7b65c69683b.jpg,SI
303334,4054278212326,62959440 DETERGENTE PER PAVIMENTI RM536 500ML,KäRCHER,PED LINEA PULIZIA,ACCESSORI E RICAMBI,ACCESSORI E RICAMBI,11.26,13.9,https://prf.icecat.biz/?shopname=el4u&smi=product&ean_upc=4054278212326&lang=it,https://inishop.com/img/gallery_thumbs/f92870758b569d7023de1f58b576fc79f19d58de.jpg,SI
305555,4002515105917,E9256130 ELEMENTO GIUNZIONE PER LAVATRICI CHROME WTV501,MIELE,GED LAVAGGIO,ACCESSORI,ACCESSORI LAVATR./ASCIUG.,57.12,84.9,,,NO
307099,4211125748166,BF195LIMED BILANCIA DIAGNOSTICA LCD 180KG/0.1KG AMR 10MEM.,BEURER,PED LINEA PERSONA,BILANCE PESA PERSONE,BILANCE PESA PERSONE,20.96,24.9,,,NO
307107,4211125654863,BS55 SPECCHIO COSMETICO 13CM C/LUCE LED INGRANDIM.7X,BEURER,PED LINEA PERSONA,LINEA BELLEZZA,ACCESSORI E RICAMBI,39.64,45.9,,,NO
312020,4002515636152,10234530 PROFUMATORE PER ASCIUGABIANCHERIA FRAGRANZA NATURE,MIELE,GED LAVAGGIO,ACCESSORI,ACCESSORI LAVATR./ASCIUG.,10.84,13.9,,,NO
312026,4002515773390,10528420 DETERSIVO IN POLVERE PER LAVASTOVIGLIE 1.4KG,MIELE,GED LAVAGGIO,ACCESSORI,ACCESSORI LAVASTOVIGLIE,15.51,19.9,,,NO
312446,8033945383886,GT32IX P.COTT. 30CM 2F/GAS G.SMALTATE INOX SERIE DOMINO,GLEM,GED INCASSO,PIANI COTTURA,SERIE DOMINO 30cm.,121.06,189.0,https://prf.icecat.biz/?shopname=el4u&smi=product&ean_upc=8033945383886&lang=it,https://inishop.com/img/gallery_thumbs/15715611_0515.jpg,SI
312447,8033945384104,GT320IX P.COTT. 30CM 2PIASTRE ELETTRICHE INOX SERIE DOMINO,GLEM,GED INCASSO,PIANI COTTURA,SERIE DOMINO 30cm.,110.88,169.0,https://prf.icecat.biz/?shopname=el4u&smi=product&ean_upc=8033945384104&lang=it,https://inishop.com/img/gallery_thumbs/15715606_7382.jpg,SI
312465,4002515171769,GW42105SW PANNELLO COMANDI X LAVAST.G4210 INNOVA NERO,MIELE,GED INCASSO,ACCESSORI E RICAMBI,ACCESSORI E RICAMBI,31.52,59.0,,,NO
315013,8052745124284,A654MI6 CUCINA 60X50CM 4F F.MULTI6 CL.A IX ALPHA,GLEM,GED COTTURA,CUCINE CON FORNO ELETTRICO,DA 60 A 69 CM,546.88,729.0,https://prf.icecat.biz/?shopname=el4u&smi=product&ean_upc=8052745124284&lang=it,https://inishop.com/img/gallery_thumbs/30581657_6928.jpg,SI
315014,8052745124314,A654MX6 CUCINA 60X50CM 4F F.MULTI6 CL.A BIANCO ALPHA,GLEM,GED COTTURA,CUCINE CON FORNO ELETTRICO,DA 60 A 69 CM,538.28,729.0,https://prf.icecat.biz/?shopname=el4u&smi=product&ean_upc=8052745124314&lang=it,https://inishop.com/img/gallery_thumbs/30581658_9439.jpg,SI
315085,8033945383107,GT64TF P.COTT. 60CM 4F/GAS G.SMALTATE TERRA DI FRANCIA,GLEM,GED INCASSO,PIANI COTTURA,A GAS,190.55,299.0,https://prf.icecat.biz/?shopname=el4u&smi=product&ean_upc=8033945383107&lang=it,https://inishop.com/thumbs/14078568.jpg,SI
315087,8052745125038,GT645SA P.COTT.GAS 60CM 3F+1TR.CORONA G.SMALTATA SABBIA,GLEM,GED INCASSO,PIANI COTTURA,A GAS,234.97,359.0,https://prf.icecat.biz/?shopname=el4u&smi=product&ean_upc=8052745125038&lang=it,https://inishop.com/img/gallery_thumbs/36136073_1903805435.jpg,SI
316584,4002515773420,10528500 RICARICA DETERSIVO IN POLVERE X LAVASTOVIGLIE 1KG,MIELE,GED LAVAGGIO,ACCESSORI,ACCESSORI LAVASTOVIGLIE,10.05,12.9,,,NO
319139,4002515575840,10118560 DEODORANTE LAVASTOVIGLIE FRESH LIME E TE VERDE 4ML,MIELE,GED LAVAGGIO,ACCESSORI,ACCESSORI LAVASTOVIGLIE,6.94,7.5,,,NO
319653,4054278229171,WV1PLUS PULITORE FINESTRE AUT.20MIN 100ML BIANCO,KäRCHER,PED LINEA PULIZIA,PULITORI ACQUA/VAPORE,SCOPE A VAPORE,47.95,64.9,https://prf.icecat.biz/?shopname=el4u&smi=product&ean_upc=4054278229171&lang=it,https://inishop.com/img/gallery_thumbs/33445417_8514363807.jpg,SI
319675,4002514399164,E7155710 SPAZZ.PARQUET TWISTER SBB 300-3 SETOLE NATURALI,MIELE,PED LINEA PULIZIA,ACCESSORI E RICAMBI,ACCESSORI E RICAMBI,47.25,59.9,,,NO
321064,7612981815288,1060459731 P.COTT.GAS 75CM 5F G.GHISA INOX FHSL7554GAVTCXSC,FRANKE,GED INCASSO,PIANI COTTURA,A GAS,242.94,349.0,https://prf.icecat.biz/?shopname=el4u&smi=product&ean_upc=7612981815288&lang=it,https://inishop.com/img/gallery_thumbs/67cac0c519fa7702e8529f676fc3c3f8.jpg,SI
321100,5413184400033,5KSMPEXTA TRAFILE PASTA CORTA C/6 MATRICI X IMPASTATORI,KITCHENAID,PED LINEA CUCINA,PREPARAZIONE CIBI,ACCESSORI E RICAMBI,145.88,229.0,https://prf.icecat.biz/?shopname=el4u&smi=product&ean_upc=5413184400033&lang=it,https://images.icecat.biz/img/gallery_thumbs/32674121_0094425110.jpg,SI
321104,5413184800017,5KTSR1 PINZA PER TOSTAPANE 5KMT2204/4205/221/2116/2115,KITCHENAID,PED LINEA CUCINA,ALTRI ACCESSORI CUCINA,ALTRI ACCESSORI CUCINA,19.59,26.9,,,NO
321587,4211125658403,SRBM2 MIS.PRESSIONE DA BRACCIO 120POS. C/ALIMENT. BIANCO,BEURER,PED LINEA PERSONA,LINEA SALUTE,MISURA PRESSIONE,41.41,49.9,,,NO
322145,8054383962938,GHC631BK CAPPA SOTTOPENSILE 60CM 3VEL. F.CARBONE NERO,GLEM,GED INCASSO,CAPPE,CAPPE,67.76,109.0,https://prf.icecat.biz/?shopname=el4u&smi=product&ean_upc=8054383962938&lang=it,https://inishop.com/img/gallery_thumbs/62312673_8191489362.jpg,SI
322146,8054383962921,GHC631WH CAPPA SOTTOPENSILE 60CM 3VEL. F.CARBONE BIANCO,GLEM,GED INCASSO,CAPPE,CAPPE,67.76,109.0,https://prf.icecat.biz/?shopname=el4u&smi=product&ean_upc=8054383962921&lang=it,https://inishop.com/img/gallery_thumbs/62312675_7638056002.jpg,SI
322785,4002516072751,WCR870 LAV.C/FRONT 9KG 1600GIRI CE.A WIFI,MIELE,GED LAVAGGIO,LAVATRICI CARICA FRONTALE,"DA 9 A 9,99 KG",1465.1,1999.0,,,NO
323243,8052745126226,GT645HIX P.COTT.GAS 60CM 3F+TRIPL.CORONA G.GHISA INOX,GLEM,GED INCASSO,PIANI COTTURA,A GAS,228.72,299.0,https://prf.icecat.biz/?shopname=el4u&smi=product&ean_upc=8052745126226&lang=it,https://inishop.com/img/gallery_thumbs/66660889_2225588564.jpg,SI
325665,8054383962945,GHC631IX CAPPA SOTTOPENSILE 60CM 3VEL. F.CARBONE INOX,GLEM,GED INCASSO,CAPPE,CAPPE,73.49,109.0,https://prf.icecat.biz/?shopname=el4u&smi=product&ean_upc=8054383962945&lang=it,https://inishop.com/img/gallery_thumbs/62312674_2832100229.jpg,SI
326186,8054383964147,GHC640IX CAPPA SOTTOPENSILE 60CM 3VEL 2MOTOR F.CARBONE INOX,GLEM,GED INCASSO,CAPPE,CAPPE,112.18,179.0,https://prf.icecat.biz/?shopname=el4u&smi=product&ean_upc=8054383964147&lang=it,https://inishop.com/img/gallery_thumbs/76932153_9495594255.jpg,SI
329483,8054383964024,GHF527SI CAPPA SOTTOPENSILE 52CM 3VEL. F.CARBONE SILVER,GLEM,GED INCASSO,CAPPE,CAPPE,73.49,119.0,https://prf.icecat.biz/?shopname=el4u&smi=product&ean_upc=8054383964024&lang=it,https://inishop.com/img/gallery_thumbs/76932157_2640391473.jpg,SI
329632,4002516200079,11171420 TWINDOS CARE X RISCIACQ.TUBI DOSAGGI.TWINDOS 1.5LT,MIELE,GED LAVAGGIO,ACCESSORI,ACCESSORI LAVATR./ASCIUG.,14.73,15.9,,,NO
331216,4002516182108,H7164BEDSTCLST FORNO 60CM 76LT MULTIF.CL.A+ VAPORE INNOVA INOX/BK,MIELE,GED INCASSO,FORNI,ELETTR. MULTIFUNZ.,1212.58,1719.0,,,NO
331847,4002516262732,11384900 BASE DI RICARICA PER BATTERIA TRIFLEX HX1,MIELE,PED LINEA PULIZIA,ACCESSORI E RICAMBI,ACCESSORI E RICAMBI,68.3,84.9,,,NO
331848,4002516262749,11384950 MINI SPAZZOLA ELETTRICA PER TRIFLEX HX1,MIELE,PED LINEA PULIZIA,ACCESSORI E RICAMBI,ACCESSORI E RICAMBI,68.3,89.9,,,NO
331849,4002516262756,11385020 FILTRO POLVERI FINI PER TRIFLEX HX1,MIELE,PED LINEA PULIZIA,ACCESSORI E RICAMBI,ACCESSORI E RICAMBI,24.98,29.9,,,NO
331880,4002515817599,10455360 TURBOSPAZZOLA STB 305-3 TURBOTEQ,MIELE,PED LINEA PULIZIA,ACCESSORI E RICAMBI,ACCESSORI E RICAMBI,64.04,84.9,,,NO
332662,4002515620076,10199790 DETERSIVO LAVATRICE ULTRAWHITE 2.7KG,MIELE,GED LAVAGGIO,ACCESSORI,ACCESSORI LAVATR./ASCIUG.,18.63,23.9,,,NO
333287,4002516240150,12737710 ULTRATABS ALL IN ONE 60 PZ ,MIELE,GED LAVAGGIO,ACCESSORI,ACCESSORI LAVASTOVIGLIE,17.85,22.9,,,NO
339536,7612981899714,1060489940 P.COTT.GAS 59CM 4F G.GHISA NERO FHNS6044GCBK,FRANKE,GED INCASSO,PIANI COTTURA,A GAS,196.48,279.0,https://prf.icecat.biz/?shopname=el4u&smi=product&ean_upc=7612981899714&lang=it,https://inishop.com/img/gallery_thumbs/59219138_8163553736.jpg,SI
339617,7612981478216,1010358335 LAVELLO 86CM 2VASCHE RAPID INOX SATINATO RPX620,FRANKE,GED INCASSO,LAVELLI,LAVELLI,153.43,229.0,https://prf.icecat.biz/?shopname=el4u&smi=product&ean_upc=7612981478216&lang=it,https://inishop.com/img/gallery_thumbs/65395293_0349980176.jpg,SI
339618,7612981476779,1010358153 LAVELLO 116CM 2V. C/GOC.DX RAPID INOX SAT.RPX621DX,FRANKE,GED INCASSO,LAVELLI,LAVELLI,159.83,239.0,https://prf.icecat.biz/?shopname=el4u&smi=product&ean_upc=7612981476779&lang=it,https://inishop.com/img/gallery_thumbs/65377572_4924304819.jpg,SI
339619,7612981476786,1010358154 LAVELLO 116CM 2V. C/GOC.SX RAPID INOX SAT.RPX621SX,FRANKE,GED INCASSO,LAVELLI,LAVELLI,159.83,239.0,https://prf.icecat.biz/?shopname=el4u&smi=product&ean_upc=7612981476786&lang=it,https://inishop.com/img/gallery_thumbs/65379644_0381887871.jpg,SI
339984,8054383963973,GHF545IX CAPPA SOTTOPENSILE 52CM 3VEL. F.CARBONE INOX,GLEM,GED INCASSO,CAPPE,CAPPE,135.81,209.0,https://prf.icecat.biz/?shopname=el4u&smi=product&ean_upc=8054383963973&lang=it,https://inishop.com/img/gallery_thumbs/72513841_2892198634.jpg,SI
340005,8054383962068,GT85TIX P.COTT.GAS 75CM 4F+1TRIPL.CORONA INOX,GLEM,GED INCASSO,PIANI COTTURA,A GAS,235.36,349.0,https://prf.icecat.biz/?shopname=el4u&smi=product&ean_upc=8054383962068&lang=it,https://inishop.com/img/gallery_thumbs/62361214_2579347947.jpg,SI
340296,3838782435768,GM973XF P.COTT.GAS 90CM 4F+1TRIPL.CORONA G.GHISA INOX,HISENSE,GED INCASSO,PIANI COTTURA,A GAS,232.12,299.0,https://prf.icecat.biz/?shopname=el4u&smi=product&ean_upc=3838782435768&lang=it,https://images.icecat.biz/img/gallery_thumbs/79040584_4836792399.jpg,SI
344588,7612985785037,FSM97PXS FORNO 60CM 71LT MULTIF.11 A+ PIROLITICO INOX/NERO,FRANKE,GED INCASSO,FORNI,ELETTR. MULTIFUNZ.,419.92,579.0,https://prf.icecat.biz/?shopname=el4u&smi=product&ean_upc=7612985785037&lang=it,https://inishop.com/img/gallery_thumbs/95619655_9344473561.jpg,SI
346344,4002516369110,WTI370 LAVASC.C/F 1600G LAV.8KG-ASC.5KG CE.A POWERWASH,MIELE,GED LAVAGGIO,LAVASCIUGA,CARICA FRONTALE,1708.98,2299.0,,,NO
346345,4002516369011,WTR860 LAVASC.C/F 1600G LAV.8KG-ASC.5KG CE.A POWER WASH,MIELE,GED LAVAGGIO,LAVASCIUGA,CARICA FRONTALE,1807.87,2499.0,,,NO
348424,8690842399541,HIGG641C3SX P.COTT.GAS 60CM 4F G.SMALTATE COM.LATERALI INOX,BEKO,GED INCASSO,PIANI COTTURA,A GAS,97.0,129.0,https://prf.icecat.biz/?shopname=el4u&smi=product&ean_upc=8690842399541&lang=it,https://images.icecat.biz/img/gallery_thumbs/7379c6f912d67e329554bc663a7e40cba9cfe2e2.jpg,SI
348621,7612985785266,FSM654IBBK P.COTT.INDUZ.65CM 4ZONE SMART FORO 48CM CRISTAL.BK,FRANKE,GED INCASSO,PIANI COTTURA,INDUZIONE,275.93,399.0,https://prf.icecat.biz/?shopname=el4u&smi=product&ean_upc=7612985785266&lang=it,https://inishop.com/img/gallery_thumbs/109fdbcc077ee74c9cb8f7965814af6c09018b63.jpg,SI
349208,4002516369134,WTD165WPM LAVASC.C/FRONT 1500GIRI LAV.8KG-ASC.5KG CE.A INV.,MIELE,GED LAVAGGIO,LAVASCIUGA,CARICA FRONTALE,1331.49,1799.0,,,NO
352451,7332543797622,CIL63443 P.COTT.INDUZ.60CM 4ZONE BRIDGE VETROCER.NERO,ELECTROLUX,GED INCASSO,PIANI COTTURA,INDUZIONE,305.98,399.0,https://prf.icecat.biz/?shopname=el4u&smi=product&ean_upc=7332543797622&lang=it,https://images.icecat.biz/img/gallery_thumbs/d059690e955ee3ad93585f445da9ea01a90f3b56.jpg,SI
352642,7612981476434,1010358044 LAVELLO 86CM 1V C/GOC.DX RAP INOX SAT.RPX61186DX,FRANKE,GED INCASSO,LAVELLI,LAVELLI,118.39,169.0,https://prf.icecat.biz/?shopname=el4u&smi=product&ean_upc=7612981476434&lang=it,https://inishop.com/img/gallery_thumbs/65379769_3535403148.jpg,SI
352643,7612981476441,1010358045 LAVELLO 86CM 1V C/GOCC.SX RAPID INOX SATINRPX61186,FRANKE,GED INCASSO,LAVELLI,LAVELLI,118.39,169.0,https://prf.icecat.biz/?shopname=el4u&smi=product&ean_upc=7612981476441&lang=it,https://inishop.com/img/gallery_thumbs/65415525_9274896337.jpg,SI
355255,7612981899646,1140489933 LAVELLO 86CM 1VASCA C/GOCC. ANTEA AZG61186AVENA,FRANKE,GED INCASSO,LAVELLI,LAVELLI,162.55,219.0,https://prf.icecat.biz/?shopname=el4u&smi=product&ean_upc=7612981899646&lang=it,https://inishop.com/img/gallery_thumbs/69836361_0776932618.jpg,SI
356137,4002516464013,TEH785WP ASCIUG.C/FRONT 9KG CE.C EXCELLENCE WIFI CHROME,MIELE,GED LAVAGGIO,ASCIUGATRICI,"DA 9 A 9,99 KG",1174.28,1599.0,,,NO
356358,4002516365945,BOOSTCX1CATDOG ASPIR. S/SACCO 890W 1LT VORTEX CAT&DOG NERO,MIELE,PED LINEA PULIZIA,ASPIRAPOLVERE,CARRELLO SENZA SACCO,261.01,349.0,,,NO
356377,8690842409295,BCSE400E40SN COMBI INC. 405LT CE.E MOB.L.75CM STATICO CERN.DX,BEKO,GED INCASSO,FRIGORIFERI,COMBINATI,688.74,879.0,https://prf.icecat.biz/?shopname=el4u&smi=product&ean_upc=8690842409295&lang=it,https://images.icecat.biz/img/gallery_thumbs/e708e7eb567511b6cf230d8e637de9bc97d77038.jpg,SI
356949,7612985800341,ARNO60XSBK CAPPA ARREDO PARETE 60CM ARNO INOX SATINATO/NERO,FRANKE,GED INCASSO,CAPPE,CAPPE,112.44,179.0,https://prf.icecat.biz/?shopname=el4u&smi=product&ean_upc=7612985800341&lang=it,https://inishop.com/img/gallery_thumbs/96640263_1218170718.jpg,SI
356950,7612985800358,ARNO90XSBK CAPPA ARREDO PAR 90CM ARNO INOX SAT/NERO3250608800,FRANKE,GED INCASSO,CAPPE,CAPPE,130.27,199.0,https://prf.icecat.biz/?shopname=el4u&smi=product&ean_upc=7612985800358&lang=it,https://inishop.com/img/gallery_thumbs/96640266_4446133384.jpg,SI
356970,7612985663502,FVT605BKA CAPPA ARREDO PARETE 60CM TOUCH VERTICAL VETRO NERO,FRANKE,GED INCASSO,CAPPE,CAPPE,148.19,249.0,https://prf.icecat.biz/?shopname=el4u&smi=product&ean_upc=7612985663502&lang=it,https://inishop.com/img/gallery_thumbs/98ecec7a1606b29a1c7b61f4d29f21bdb2a4de57.jpg,SI
356971,7612985663199,FVT605WHA CAPPA ARREDO PARETE 60CM TOUCH VERTICAL VETRO BIA,FRANKE,GED INCASSO,CAPPE,CAPPE,152.71,249.0,https://prf.icecat.biz/?shopname=el4u&smi=product&ean_upc=7612985663199&lang=it,https://inishop.com/img/gallery_thumbs/c79ffad30789de7b2f1a88edf1ff0159abc3fee9.jpg,SI
356972,7612985663526,FVT905BKA CAPPA ARREDO PARETE 90CM TOUCH VERTICAL VETRO NERO,FRANKE,GED INCASSO,CAPPE,CAPPE,156.61,279.0,https://prf.icecat.biz/?shopname=el4u&smi=product&ean_upc=7612985663526&lang=it,https://inishop.com/img/gallery_thumbs/45efac330dca1639b2e21fc874832d21aa8ba9d4.jpg,SI
356973,7612985663519,3300572975 CAPPA ARREDO PARETE 90CM VERTIS CRIS.BCO FVT905WHA,FRANKE,GED INCASSO,CAPPE,CAPPE,172.65,279.0,https://prf.icecat.biz/?shopname=el4u&smi=product&ean_upc=7612985663519&lang=it,https://inishop.com/img/gallery_thumbs/9f4496be2c6205a215863be030515673c7ed19c8.jpg,SI
356976,7612985800327,TIBER60XS CAPPA ARREDO PARETE 60CM TIBER INOX SATINATO,FRANKE,GED INCASSO,CAPPE,CAPPE,119.78,179.0,https://prf.icecat.biz/?shopname=el4u&smi=product&ean_upc=7612985800327&lang=it,https://inishop.com/img/gallery_thumbs/17d7aa42957d31a0c5fd0025975fe41bce53e724.jpg,SI
356994,7612985876360,1150622943 MISCELATORE MONOCOM. CANNA GIREVOLE POLA NERO,FRANKE,GED INCASSO,RUBINETTERIA,RUBINETTERIA,60.08,89.0,https://prf.icecat.biz/?shopname=el4u&smi=product&ean_upc=7612985876360&lang=it,https://inishop.com/img/gallery_thumbs/93168652_9988524192.jpg,SI
356998,7612985876605,1150622947 MISCELATORE MONOCOM. CANNA GIREVOLE POLA AVENA,FRANKE,GED INCASSO,RUBINETTERIA,RUBINETTERIA,60.08,89.0,https://prf.icecat.biz/?shopname=el4u&smi=product&ean_upc=7612985876605&lang=it,https://inishop.com/img/gallery_thumbs/62711587_0069989606.jpg,SI
357098,7612985784337,FSM82HEXS FORNO 60CM 71LT MULTIF. CL.A+ INOX SATINATO,FRANKE,GED INCASSO,FORNI,ELETTR. MULTIFUNZ.,268.98,399.0,https://prf.icecat.biz/?shopname=el4u&smi=product&ean_upc=7612985784337&lang=it,https://inishop.com/img/gallery_thumbs/98c44d948ca644561bfbad047e2105ab.jpg,SI
357843,8024651211501,NSM7NLPPP FORNO 60CM 74LT MULTI.MASTER PIZZA EASY STEAM NERO,DELONGHI,GED INCASSO,FORNI,ELETTR. MULTIFUNZ.,344.13,419.0,https://prf.icecat.biz/?shopname=el4u&smi=product&ean_upc=8024651211501&lang=it,https://inishop.com/img/gallery_thumbs/98217621_1538432227.jpg,SI
357942,7612981901523,AZG621AVENA LAVELLO 116CM 2V. C/GOCC. ANTEA AVENA,FRANKE,GED INCASSO,LAVELLI,LAVELLI,190.3,279.0,https://prf.icecat.biz/?shopname=el4u&smi=product&ean_upc=7612981901523&lang=it,https://inishop.com/img/gallery_thumbs/69836990_7910733900.jpg,SI
357977,8054383965113,GFE993IX FORNO 90CM 89LT MULTIF.10 CL.A INOX,GLEM,GED INCASSO,FORNI,ELETTR. MULTIFUNZ.,818.39,1129.0,https://prf.icecat.biz/?shopname=el4u&smi=product&ean_upc=8054383965113&lang=it,https://inishop.com/img/gallery_thumbs/74345509_4455517645.jpg,SI
359209,4002516431633,11772180 BRILLANTANTE PER LAVASTOVIGLIE 500ML,MIELE,GED LAVAGGIO,ACCESSORI,ACCESSORI LAVASTOVIGLIE,8.49,9.9,,,NO
360856,4002516531227,11979170 DETERSIVO WOOLCARE LANA E DELICATI,MIELE,GED LAVAGGIO,ACCESSORI,ACCESSORI LAVATR./ASCIUG.,15.51,19.9,,,NO
361894,753759279639,0100256210 SMART WATCH FORERUNNER 55 BLACK,GARMIN,TELEFONIA,TELEFONIA MOBILE,SMARTWATCH,139.44,139.9,https://prf.icecat.biz/?shopname=el4u&smi=product&ean_upc=753759279639&lang=it,https://inishop.com/img/gallery_thumbs/92482968_4991157028.jpg,SI
361914,4002516464907,12787430 DETERSIVO LAVASTOVIGLIE POWERDISK 20LAVAGGI 1PZ,MIELE,GED LAVAGGIO,ACCESSORI,ACCESSORI LAVATR./ASCIUG.,11.17,12.9,,,NO
361915,4002516531654,11986760 DETERSIVO ULTRADARK 1.5LT 1PZ,MIELE,GED LAVAGGIO,ACCESSORI,ACCESSORI LAVATR./ASCIUG.,18.63,23.9,,,NO
361916,4002516531159,11986980 AMMORBIDENTE 1.5LT 1PZ ,MIELE,GED LAVAGGIO,ACCESSORI,ACCESSORI LAVATR./ASCIUG.,9.27,11.9,,,NO
362356,4002516377269,11639210 FILTRO HEPA AIRCLEAN SF HA 60,MIELE,PED LINEA PULIZIA,ACCESSORI E RICAMBI,ACCESSORI E RICAMBI,26.22,39.9,,,NO
362357,4002516377337,11639240 FILTRO HYGIENE AIRCLEAN SF HY 60,MIELE,PED LINEA PULIZIA,ACCESSORI E RICAMBI,ACCESSORI E RICAMBI,18.99,26.9,,,NO
362533,8806091423313,GSLV90PZAD SBS 635LT CE.D NOFROST INV. DISP.BEV. WIFI INOX,LG,GED REFRIGERAZIONE,FRIGO COMBINATI,VENTILATO,1116.43,1429.0,https://prf.icecat.biz/?shopname=el4u&smi=product&ean_upc=8806091423313&lang=it,https://images.icecat.biz/img/gallery_thumbs/9ebbf3b89e3f2a4c60b9e7137fcff0c8a5f46838.jpg,SI
362536,4002516548478,12021140 PROFUMATORE PER ASCIUGATRICE FRAGRANZA AQUA,MIELE,GED LAVAGGIO,ACCESSORI,ACCESSORI LAVATR./ASCIUG.,10.84,13.9,,,NO
362537,4002516560944,12022180 PROFUMATORE PER ASCIUGABIANCHERIA FRAGRANZA ROSE,MIELE,GED LAVAGGIO,ACCESSORI,ACCESSORI LAVATR./ASCIUG.,10.78,11.82,,,NO
363303,7612985876483,1150623055 MISCELATORE CANNA LUNGA ESTRAIB. ORBIT CROMO,FRANKE,GED INCASSO,RUBINETTERIA,RUBINETTERIA,102.23,149.0,https://prf.icecat.biz/?shopname=el4u&smi=product&ean_upc=7612985876483&lang=it,https://inishop.com/img/gallery_thumbs/7e0e0c13e4f80236afe54b4a4f9c5a05c087cc1c.jpg,SI
363457,8690842428937,BMGB25332BG FORNO M/O INC. 60CM 25LT 5LIV.POT C/GRILL TIMER IX,BEKO,GED INCASSO,FORNI,MICROONDE,215.64,299.0,https://prf.icecat.biz/?shopname=el4u&smi=product&ean_upc=8690842428937&lang=it,https://images.icecat.biz/img/gallery_thumbs/96655291_6802329218.jpg,SI
363875,8003437619519,5KHBV83EER FRULL.IMMERS. 180W 1LT LAME INOX ROSSO IMPERIALE,KITCHENAID,PED LINEA CUCINA,PREPARAZIONE CIBI,FRULLATORI AD IMMERSIONE,145.03,179.9,https://prf.icecat.biz/?shopname=el4u&smi=product&ean_upc=8003437619519&lang=it,https://images.icecat.biz/img/gallery_thumbs/68a00eca1361ac626e189157d1c829c1c89f2a0c.jpg,SI
363933,8003437048326,5KSMTHPS COPERCHIO VERSATORE X 5KSM125/150/156/175/180/185,KITCHENAID,PED LINEA CUCINA,PREPARAZIONE CIBI,ACCESSORI E RICAMBI,41.57,69.9,https://prf.icecat.biz/?shopname=el4u&smi=product&ean_upc=8003437048326&lang=it,https://images.icecat.biz/img/gallery_thumbs/d515a96f74cfecb9d33b3c962f53962fa24a5cb8.jpg,SI
363941,5413184120962,5KSM185PSECA IMPASTATORE 300W 4.8LT ACCESS.ROSSO MELA METALLIZZ,KITCHENAID,PED LINEA CUCINA,PREPARAZIONE CIBI,IMPASTATRICI,626.45,869.0,https://prf.icecat.biz/?shopname=el4u&smi=product&ean_upc=5413184120962&lang=it,https://images.icecat.biz/img/gallery_thumbs/bfe00ab7cb2e6e048633c8a88799ff8c3e767868.jpg,SI
364712,7332543829484,EGS75362X P.COTT.GAS 75CM 5F G.GHISA STEPPOWER INOX,ELECTROLUX,GED INCASSO,PIANI COTTURA,A GAS,300.7,399.0,https://prf.icecat.biz/?shopname=el4u&smi=product&ean_upc=7332543829484&lang=it,https://images.icecat.biz/img/gallery_thumbs/ddbd426c42df06f429ee5312c7af0fe3351ade86.jpg,SI
364938,5944008923266,BCNA306E4SN COMBI INC. 306LT H.194CM CE.E NOFROST 5RIP.,BEKO,GED INCASSO,FRIGORIFERI,COMBINATI,604.79,699.0,https://prf.icecat.biz/?shopname=el4u&smi=product&ean_upc=5944008923266&lang=it,https://images.icecat.biz/img/gallery_thumbs/99771520_0076576392.jpg,SI
364996,8059606963037,GHB990IXA CAPPA ARREDO PARETE 90CM PER INDUZ. F.CARBONE NERO,GLEM,GED INCASSO,CAPPE,CAPPE,347.81,539.0,https://prf.icecat.biz/?shopname=el4u&smi=product&ean_upc=8059606963037&lang=it,https://inishop.com/img/gallery_thumbs/101632282_4966331754.jpg,SI
365084,8050147653357,NF1046WKIT LAV.C/FRONT 10KG 1400GIRI CE.A INVERTER VAP.,HOTPOINT,GED LAVAGGIO,LAVATRICI CARICA FRONTALE,"DA 10 A 10,99 KG",354.95,449.0,https://prf.icecat.biz/?shopname=el4u&smi=product&ean_upc=8050147653357&lang=it,https://images.icecat.biz/img/gallery_thumbs/1b17c8f561fcee6eb6072b1f154477ce50aa356d.jpg,SI
365215,4002516624332,TRIFLEXHX2FLASH SCOPA RIC. S/SACCO 3IN1 25V 0.5LT HEPA BIANCO/ROSA,MIELE,PED LINEA PULIZIA,ASPIRAPOLVERE,SCOPE RICARICABILI,380.37,499.0,,,NO
365217,4002516445609,TRIFLEXHX2PRO SCOPA RIC. S/SACCO 3IN1 2BATT. LI-ION GRIGIO/ROSA,MIELE,PED LINEA PULIZIA,ASPIRAPOLVERE,SCOPE RICARICABILI,524.44,699.0,,,NO
365511,4002516516460,11912480 SET DETERSIVO 3PZ ULTRAPHASE 1 + 3PZ ULTRAPHASE 2,MIELE,GED LAVAGGIO,ACCESSORI,ACCESSORI LAVATR./ASCIUG.,85.68,93.9,,,NO
365919,8004399025370,ECAM22022GB M.CAFFE' AUTOMAT. DISP.TOUCH MAGNIFICA START,DELONGHI,PED LINEA CUCINA,CAFFE',MACCHINE AUTOMATICHE,331.27,349.0,https://prf.icecat.biz/?shopname=el4u&smi=product&ean_upc=8004399025370&lang=it,https://inishop.com/img/gallery_thumbs/f9ae0588e05c49e55d048afea538d1f84799084c.jpg,SI
366083,753759304829,0100270110 SMART WATCH VENU SQ 2 SHADOW GRAY/SLATE,GARMIN,TELEFONIA,TELEFONIA MOBILE,SMARTWATCH,168.71,168.71,https://prf.icecat.biz/?shopname=el4u&smi=product&ean_upc=753759304829&lang=it,https://inishop.com/img/gallery_thumbs/101667142_4683783227.jpg,SI
366239,4002516561248,12023610 PROFUMATORE PER ASCIUGABIANCHERIA FRAGRANZA COCOON,MIELE,GED LAVAGGIO,ACCESSORI,ACCESSORI LAVATR./ASCIUG.,10.84,13.9,,,NO
366838,8690842516863,BBIE11100B FORNO 60CM 72LT MULTIF.6 NERO,BEKO,GED INCASSO,FORNI,ELETTR. MULTIFUNZ.,197.88,259.0,https://prf.icecat.biz/?shopname=el4u&smi=product&ean_upc=8690842516863&lang=it,https://images.icecat.biz/img/gallery_thumbs/105007835_7318703771.jpg,SI
367069,4002516595397,DGC7150EDST FORNO 60CM 76LT MULTIF. VAP. INOX/CONTOURLINE,MIELE,GED INCASSO,FORNI,ELETTR. MULTIFUNZ.,1409.45,1999.0,,,NO
367093,8033675154169,SG510 LAV.C/FRONT 5KG 1000GIRI CE.C 15PROGR.,SANGIORGIO,GED LAVAGGIO,LAVATRICI CARICA FRONTALE,"DA 5 A 5,99 KG.",213.04,289.0,,,NO
367132,7612986165005,1150668280 MISCELATORE CANNA ALTA SIRIUS CROMO,FRANKE,GED INCASSO,RUBINETTERIA,RUBINETTERIA,90.79,129.0,https://prf.icecat.biz/?shopname=el4u&smi=product&ean_upc=7612986165005&lang=it,https://inishop.com/img/gallery_thumbs/9e49e610e53c9cc267ac81fd61cd3ea7.jpg,SI
367736,8690842526541,HIAW75225SXE P.COTT.GAS 75CM 4F+1F.WOK G.GHISA INOX,BEKO,GED INCASSO,PIANI COTTURA,A GAS,225.5,299.0,https://prf.icecat.biz/?shopname=el4u&smi=product&ean_upc=8690842526541&lang=it,https://images.icecat.biz/img/gallery_thumbs/91304814_6013286180.jpg,SI
368418,8690842289453,BBIM12300XD FORNO 60CM 72LT MULTIF.8 CL.A INOX,BEKO,GED INCASSO,FORNI,ELETTR. MULTIFUNZ.,217.38,299.0,https://prf.icecat.biz/?shopname=el4u&smi=product&ean_upc=8690842289453&lang=it,https://images.icecat.biz/img/gallery_thumbs/107607135_7095102192.jpg,SI
368425,8690842151255,HILL75235S P.COTT.GAS 75CM 4F+WOK G.GHISA CRISTALLO NERO,BEKO,GED INCASSO,PIANI COTTURA,A GAS,281.0,369.0,https://prf.icecat.biz/?shopname=el4u&smi=product&ean_upc=8690842151255&lang=it,https://images.icecat.biz/img/gallery_thumbs/36648924_9858876350.jpg,SI
371566,7612986183283,1120158200 PASTA MULTIUSO 300GR CONF.SINGOLA,FRANKE,GED INCASSO,RUBINETTERIA,RUBINETTERIA,9.11,13.0,https://prf.icecat.biz/?shopname=el4u&smi=product&ean_upc=7612986183283&lang=it,https://inishop.com/img/gallery_thumbs/fe39545e818ae61e910f64564e64910b4ca7ef06.jpg,SI
372075,4002516371960,11614620 PROFUMATORI FRAGRANZA NATURE 3PZ,MIELE,GED LAVAGGIO,ACCESSORI,ACCESSORI LAVATR./ASCIUG.,23.84,38.9,,,NO
372091,4002516560982,12021590 PROFUMATORI FRAGRANZA AQUA 3PZ,MIELE,GED LAVAGGIO,ACCESSORI,ACCESSORI LAVATR./ASCIUG.,23.84,38.9,,,NO
372092,4002516561019,12022210 PROFUMATORE FRAGRANZA ORIENT,MIELE,GED LAVAGGIO,ACCESSORI,ACCESSORI LAVATR./ASCIUG.,10.78,11.82,,,NO
372093,4002516551140,12023720 PROFUMATORI FRAGRANZA COCOON 3PZ,MIELE,GED LAVAGGIO,ACCESSORI,ACCESSORI LAVATR./ASCIUG.,23.84,38.9,,,NO
372094,4002516561200,12026040 PROFUMATORI FRAGRANZA DRYFRESH 3PZ,MIELE,GED LAVAGGIO,ACCESSORI,ACCESSORI LAVATR./ASCIUG.,23.84,38.9,,,NO
372095,4002516561521,12033110 PROFUMATORI FRAGRANZA AQUA/NATURE/COCOON,MIELE,GED LAVAGGIO,ACCESSORI,ACCESSORI LAVATR./ASCIUG.,23.84,38.9,,,NO
373901,7332543976751,FSS75747P LAVAST.SC/TOT.60CM 14COP CE.B INVERTER,AEG,GED INCASSO,LAVASTOVIGLIE,SCOMP. TOTALE 60cm,609.5,799.0,https://prf.icecat.biz/?shopname=el4u&smi=product&ean_upc=7332543976751&lang=it,https://inishop.com/img/gallery_thumbs/da2e8d093c25bb51cb6a034a75c172202fbe058f.jpg,SI
374711,8059019003504,HAISJ64MC P.COTT.INDUZ.60CM 4ZONE TOUCH VETROC. BT/WIFI NERO,HAIER,GED INCASSO,PIANI COTTURA,INDUZIONE,229.7,299.0,https://prf.icecat.biz/?shopname=el4u&smi=product&ean_upc=8059019003504&lang=it,https://images.icecat.biz/img/gallery_thumbs/3f6ea4de1be3006945008d811e1611ccba2f65b7.jpg,SI
374801,8059606964263,GHB686IXA CAPPA ARREDO PARETE 60CM PER INDUZ. F.CARBONE INOX,GLEM,GED INCASSO,CAPPE,CAPPE,283.35,439.0,https://prf.icecat.biz/?shopname=el4u&smi=product&ean_upc=8059606964263&lang=it,https://inishop.com/img/gallery_thumbs/73313491ccf162c698a2e68cf222203be9371795.jpg,SI
376684,4002516714583,DUOFLEXHX1YELLOW SCOPA RIC. S/SACCO 0.3LT GIALLO,MIELE,PED LINEA PULIZIA,ASPIRAPOLVERE,SCOPE RICARICABILI,228.17,299.0,,,NO
376911,8024651214656,DMX64INL CUCINA 60CM 4ZONE INDUZ. F.ELETT.MULTIF.9 INOX,DELONGHI,GED COTTURA,CUCINE CON FORNO ELETTRICO,DA 60 A 69 CM,738.21,949.0,https://prf.icecat.biz/?shopname=el4u&smi=product&ean_upc=8024651214656&lang=it,https://inishop.com/img/gallery_thumbs/956338de8607e96371766ce19acc2671d71c7036.jpg,SI
376975,8435484049931,4993 FRIGGITRICE AD ARIA 6LT CECOFRY BOMBASTIK 6000 FUL,CECOTEC,PED LINEA CUCINA,COTTURA,FRIGGITRICI,71.99,89.9,https://prf.icecat.biz/?shopname=el4u&smi=product&ean_upc=8435484049931&lang=it,https://inishop.com/img/gallery_thumbs/459513510236108fc08f7ef3de30e753.jpg,SI
377206,8806084272058,F4R9009TPWC LAV.C/FRONT 9KG 1400G. CE.A-40% INV VAP WIFI AIDD,LG,GED LAVAGGIO,LAVATRICI CARICA FRONTALE,"DA 9 A 9,99 KG",524.9,649.0,https://prf.icecat.biz/?shopname=el4u&smi=product&ean_upc=8806084272058&lang=it,https://images.icecat.biz/img/gallery_thumbs/74e78eb6c06de893611993899d41193d.jpg,SI
377388,8690842487002,BSSA210K4SN FRIGO 1P.INC. 175LT H.121CM CE.E STATICO C/CELLA,BEKO,GED INCASSO,FRIGORIFERI,MONOPORTA,310.06,399.0,https://prf.icecat.biz/?shopname=el4u&smi=product&ean_upc=8690842487002&lang=it,https://images.icecat.biz/img/gallery_thumbs/e90a0ff97f0990b54fa27cf4e478a289d7d6ddfc.jpg,SI
377406,7332543971046,CN071436DH P.COTT.MISTO 60CM 2F+2ZONE INDUZ. VETROCER.NERO,AEG,GED INCASSO,PIANI COTTURA,MISTI,494.24,649.0,https://prf.icecat.biz/?shopname=el4u&smi=product&ean_upc=7332543971046&lang=it,https://inishop.com/img/gallery_thumbs/91c91b3a1ddbac5f49ceba0c6cc9d24f5516e1d9.jpg,SI
377414,8690842619380,BDSN26430X LAVAST.C/FRONT.INOX 60CM 14COP. CE.D,BEKO,GED INCASSO,LAVASTOVIGLIE,SCOMP. PARZIALE 60cm.,402.63,499.0,https://prf.icecat.biz/?shopname=el4u&smi=product&ean_upc=8690842619380&lang=it,https://images.icecat.biz/img/gallery_thumbs/56ea8998fd69841961ac2dddfd4f9078be35161b.jpg,SI
377415,8690842573477,BU1154HCN FRIGO INC.SOTTOPIANO 107LT H.82CM CE.E C/FREEZER,BEKO,GED INCASSO,FRIGORIFERI,SOTTOPIANO,296.66,379.0,https://prf.icecat.biz/?shopname=el4u&smi=product&ean_upc=8690842573477&lang=it,https://images.icecat.biz/img/gallery_thumbs/b68ce6650ed54e693f92d426e2316007bb32164c.jpg,SI
377660,3838782717932,RS711N4WCE SBS 547LT CE.E NOFROST DISP.BEV. INV. DISPLAY INOX,HISENSE,GED REFRIGERAZIONE,SIDE BY SIDE,NO FROST,557.8,899.0,https://prf.icecat.biz/?shopname=el4u&smi=product&ean_upc=3838782717932&lang=it,https://images.icecat.biz/img/gallery_thumbs/02fbae1e933afe0380f31fb8a2e5e3ff5b354732.jpg,SI
377663,6921727076762,RT422N4ACE FRIGO 2P. 325LT CE.E NOFROST INOX,HISENSE,GED REFRIGERAZIONE,FRIGO DOPPIA PORTA,NO FROST,361.92,499.0,https://prf.icecat.biz/?shopname=el4u&smi=product&ean_upc=6921727076762&lang=it,https://images.icecat.biz/img/gallery_thumbs/e096b842999d7915f64b196400313b3f.jpg,SI
378026,8690842516856,BBIC11000B FORNO 60CM 74LT STATICO NERO,BEKO,GED INCASSO,FORNI,ELETTR. STATICI,163.14,199.0,https://prf.icecat.biz/?shopname=el4u&smi=product&ean_upc=8690842516856&lang=it,https://images.icecat.biz/img/gallery_thumbs/109034525_5912766964.jpg,SI
378210,8806095536378,RB50DG601EB1EF COMBI 508LT CE.E L.75CM NOFROST WIFI BLACK INOX,SAMSUNG,GED REFRIGERAZIONE,FRIGO COMBINATI,NO FROST,776.89,1099.0,https://prf.icecat.biz/?shopname=el4u&smi=product&ean_upc=8806095536378&lang=it,https://images.icecat.biz/img/gallery_thumbs/208f179a5df50276594ab18949eed89d.jpg,SI
378291,8806095550190,WW11DB7B94GEU3 LAV.C/FRONT 11KG 1400GIRI CE.A-20% VAP ECODOS WIFI,SAMSUNG,GED LAVAGGIO,LAVATRICI CARICA FRONTALE,"DA 11 A 11,99 KG",546.88,799.0,https://prf.icecat.biz/?shopname=el4u&smi=product&ean_upc=8806095550190&lang=it,https://images.icecat.biz/img/gallery_thumbs/80cb812c43226ebae3fc185fad8be247715bc915.jpg,SI
378468,4242005394494,PXV831HC1E P.COTT.INDUZ.80CM 5ZONE BRIDGE NERO,BOSCH,GED INCASSO,PIANI COTTURA,INDUZIONE,757.1,999.0,https://prf.icecat.biz/?shopname=el4u&smi=product&ean_upc=4242005394494&lang=it,https://images.icecat.biz/img/gallery_thumbs/454d7e012fae4430518fe335b6a10a44.jpg,SI
378546,4002516806332,WEK375WPS LAV.C/FRONT 10KG 1400GIRI CE.A INV VAPORE WIFI,MIELE,GED LAVAGGIO,LAVATRICI CARICA FRONTALE,"DA 10 A 10,99 KG",1112.43,1499.0,,,NO
378703,8690842627743,BCSA285K4SN1 COMBI INC. 271LT H.177.5CM CE.E STATICO INVERTER,BEKO,GED INCASSO,FRIGORIFERI,COMBINATI,359.9,449.0,https://prf.icecat.biz/?shopname=el4u&smi=product&ean_upc=8690842627743&lang=it,https://images.icecat.biz/img/gallery_thumbs/f637b5899e74766aa7a2ca6a86717720.jpg,SI
378704,8690842609008,BDIN38560C LAVAST.SC/TOT.60CM 15COP CE.A 8PROG. 3CESTO INV.,BEKO,GED INCASSO,LAVASTOVIGLIE,SCOMP. TOTALE 60cm,461.06,599.0,https://prf.icecat.biz/?shopname=el4u&smi=product&ean_upc=8690842609008&lang=it,https://images.icecat.biz/img/gallery_thumbs/3a50ab52a29096abc272c4246b3e70c29b007ecf.jpg,SI
378869,8435484015875,1587 FORNO M/O 20LT 700W 6LIV.POT. 3DWAVE BIANCO,CECOTEC,GED COTTURA,FORNI MICROONDE,SOLO MICROONDE,56.84,64.9,https://prf.icecat.biz/?shopname=el4u&smi=product&ean_upc=8435484015875&lang=it,https://inishop.com/img/gallery_thumbs/78305342_4107682327.jpg,SI
379486,4002516788485,H2456BACTIVE FORNO 60CM 76LT MULTIF. NERO,MIELE,GED INCASSO,FORNI,ELETTR. MULTIFUNZ.,607.87,859.0,,,NO
379489,4002516780229,H27661B125EDITION FORNO 60CM 76LT MULTIF. AIRFRY WIFI NERO,MIELE,GED INCASSO,FORNI,ELETTR. MULTIFUNZ.,846.95,1199.0,,,NO
379495,4002516798316,KM7221FR P.COTT.INDUZ.60CM 4ZONE TOUCH VETROCER.NERO,MIELE,GED INCASSO,PIANI COTTURA,INDUZIONE,633.88,899.0,,,NO
379496,4002516772415,KM7466FR125EDITION P.COTT.INDUZ.60CM 4ZONE 1BRIDGE VET,MIELE,GED INCASSO,PIANI COTTURA,INDUZIONE,830.77,1179.0,,,NO
379500,4002516761471,WEB685WCS LAV.C/FRONT 8KG 1400GIRI CE.A-10% WIFI TWINDOS,MIELE,GED LAVAGGIO,LAVATRICI CARICA FRONTALE,"DA 8 A 8,99 KG",920.87,1099.0,,,NO
379501,4002516767480,WEI885WCS LAV.C/FRONT 9KG 1600GIRI CE.A WIFI TWINDOS VAP.,MIELE,GED LAVAGGIO,LAVATRICI CARICA FRONTALE,"DA 9 A 9,99 KG",1319.08,1799.0,,,NO
379688,4002516748441,G7293SCVIEXCELLENCE LAVAST.SC/TOT.60CM 14COP CE.A 3CEST,MIELE,GED INCASSO,LAVASTOVIGLIE,SCOMP. TOTALE 60cm,1129.83,1599.0,,,NO
379964,4002516770510,TEL685WP ASCIUG.C/FRONT 9KG CE.C INVERTER VAPORE WIFI,MIELE,GED LAVAGGIO,ASCIUGATRICI,"DA 9 A 9,99 KG",1320.31,1799.0,,,NO
380033,8690842603983,BDIN38440 LAVAST.SC/TOT.60CM 14COP CE.C 8PROG. INVERTER,BEKO,GED INCASSO,LAVASTOVIGLIE,SCOMP. TOTALE 60cm,335.71,449.0,https://prf.icecat.biz/?shopname=el4u&smi=product&ean_upc=8690842603983&lang=it,https://images.icecat.biz/img/gallery_thumbs/83e92e646497cdd4a7e07921b03f159ea95018a1.jpg,SI
380600,6921081504550,HW150BP14986EIT LAV.C/FRONT 15KG 1400GIRI CE.A DISP.LED INVERT ABT,HAIER,GED LAVAGGIO,LAVATRICI CARICA FRONTALE,12 KG E OLTRE,798.59,1099.0,https://prf.icecat.biz/?shopname=el4u&smi=product&ean_upc=6921081504550&lang=it,https://images.icecat.biz/img/gallery_thumbs/56c5e8353a078e80550dc07166bea321a6a30086.jpg,SI
381309,4242005321056,KGN86VIEA COMBI 631LT CE.E L.86CM NOFROST INOX,BOSCH,GED REFRIGERAZIONE,FRIGO COMBINATI,NO FROST,1102.63,1399.0,https://prf.icecat.biz/?shopname=el4u&smi=product&ean_upc=4242005321056&lang=it,https://images.icecat.biz/img/gallery_thumbs/a272bf7c81531143052cb0ff1633f04887917fad.jpg,SI
381379,8690842619793,BLSA210M4SN FRIGO 1P.INC. 198LT H.121.5CM CE.E STATICO,BEKO,GED INCASSO,FRIGORIFERI,MONOPORTA,291.93,379.0,https://prf.icecat.biz/?shopname=el4u&smi=product&ean_upc=8690842619793&lang=it,https://images.icecat.biz/img/gallery_thumbs/217a290b37e3726193b1c5434913c729f8aec051.jpg,SI
381646,8057971106905,SE965GX24 CUCINA 90CM 5F/GAS F.GAS VENT. INOX,BERTAZZONI LA GERMANIA,GED COTTURA,CUCINE CON FORNO A GAS,DA 90 A 99 CM,609.01,799.0,,,NO
381726,8057971106974,SE664GX24 CUCINA 60CM 4F/GAS F.GAS VENT. INOX,BERTAZZONI LA GERMANIA,GED COTTURA,CUCINE CON FORNO A GAS,DA 60 A 69 CM,379.11,499.0,https://prf.icecat.biz/?shopname=el4u&smi=product&ean_upc=8057971106974&lang=it,https://inishop.com/img/gallery_thumbs/d9bd8796404578b23ba396024e50ba714f1a0fe5.jpg,SI
381753,753759279875,"0100264110 SMART WATCH 1.2"" FORERUNNER 255 BASIC SLATE GREY",GARMIN,TELEFONIA,TELEFONIA MOBILE,SMARTWATCH,221.02,221.02,https://prf.icecat.biz/?shopname=el4u&smi=product&ean_upc=753759279875&lang=it,https://inishop.com/img/gallery_thumbs/100350858_2949965925.jpg,SI
381754,753759279882,"0100264111 SMART WATCH 1.2"" FORERUNNER 255 BASIC TIDAL BLUE",GARMIN,TELEFONIA,TELEFONIA MOBILE,SMARTWATCH,251.33,279.9,https://prf.icecat.biz/?shopname=el4u&smi=product&ean_upc=753759279882&lang=it,https://inishop.com/img/gallery_thumbs/100720291_4205942943.jpg,SI
382011,8806084272539,F4R3013NSWB LAV.C/FRONT 13KG 1400GIRI CE.A-20% INV. VAP. AIDD,LG,GED LAVAGGIO,LAVATRICI CARICA FRONTALE,12 KG E OLTRE,498.95,649.0,https://prf.icecat.biz/?shopname=el4u&smi=product&ean_upc=8806084272539&lang=it,https://images.icecat.biz/img/gallery_thumbs/74f5f5ada015606e7daf4014ca29896b.jpg,SI
382265,8057971108978,AMN664GXV24 CUCINA 60CM 4F/GAS F.GAS VENT. AMERICANA INOX,BERTAZZONI LA GERMANIA,GED COTTURA,CUCINE CON FORNO A GAS,DA 60 A 69 CM,515.94,699.0,https://prf.icecat.biz/?shopname=el4u&smi=product&ean_upc=8057971108978&lang=it,https://inishop.com/img/gallery_thumbs/28241c635f815a0e640c03836e48a9a6105631a9.jpg,SI
382266,8057971106950,SE664EB24 CUCINA 60CM 4F/GAS F.ELETT.MULTI BIANCO,BERTAZZONI LA GERMANIA,GED COTTURA,CUCINE CON FORNO ELETTRICO,DA 60 A 69 CM,354.89,499.0,https://prf.icecat.biz/?shopname=el4u&smi=product&ean_upc=8057971106950&lang=it,https://inishop.com/img/gallery_thumbs/944d9452c2ac39f5a78b62397be0be8c65ef7eae.jpg,SI
382267,8057971106943,SE664EX24 CUCINA 60CM 4F/GAS F.ELETT.MULTI INOX,BERTAZZONI LA GERMANIA,GED COTTURA,CUCINE CON FORNO ELETTRICO,DA 60 A 69 CM,379.11,499.0,https://prf.icecat.biz/?shopname=el4u&smi=product&ean_upc=8057971106943&lang=it,https://inishop.com/img/gallery_thumbs/5937beb4bf3f9e930555520f56e943b4c9573277.jpg,SI
382268,8057971106981,SE664GB24 CUCINA 60CM 4F/GAS F.GAS VENT. BIANCO,BERTAZZONI LA GERMANIA,GED COTTURA,CUCINE CON FORNO A GAS,DA 60 A 69 CM,354.89,499.0,https://prf.icecat.biz/?shopname=el4u&smi=product&ean_upc=8057971106981&lang=it,https://inishop.com/img/gallery_thumbs/dd26205abbcd33358b245bc48183af7fb03e3b5b.jpg,SI
382270,8057971106899,SE965GNE24 CUCINA 90CM 5F/GAS F.GAS VENT. NERO,BERTAZZONI LA GERMANIA,GED COTTURA,CUCINE CON FORNO A GAS,DA 90 A 99 CM,609.01,799.0,,,NO
382314,6921081599822,HD90A3Q397U1S ASCIUG.C/FRONT 9KG CE.C INVERTER WIFI,HAIER,GED LAVAGGIO,ASCIUGATRICI,"DA 9 A 9,99 KG",1221.96,1599.0,https://prf.icecat.biz/?shopname=el4u&smi=product&ean_upc=6921081599822&lang=it,https://images.icecat.biz/img/gallery_thumbs/af8b137e4fd884c522d83a0a2c06ec7a3dbe6a69.jpg,SI
382409,3838782757099,HI6401BSCE P.COTT.INDUZ.60CM 4ZONE TOUCH VETROCER.NERO,HISENSE,GED INCASSO,PIANI COTTURA,INDUZIONE,174.72,229.0,https://prf.icecat.biz/?shopname=el4u&smi=product&ean_upc=3838782757099&lang=it,https://images.icecat.biz/img/gallery_thumbs/db90ef1586106e1c7bf1b542b6ef1ec28626af77.jpg,SI
382636,6901018083211,HCR3818EWMM FRIGO 4P. 463LT CE.E NOFROST DISP.BEV INV. INOX,HAIER,GED REFRIGERAZIONE,FRIGO 3 PORTE/OLTRE,NO FROST,655.61,899.0,https://prf.icecat.biz/?shopname=el4u&smi=product&ean_upc=6901018083211&lang=it,https://images.icecat.biz/img/gallery_thumbs/5e515a7a0a3b53b253029febca8554a9.jpg,SI
382985,8059019088938,H6ID25G3YTB1 FORNO 60CM 78LT MULTIF.PIZZA/AIRFRY A++ WIFI PIR.,HAIER,GED INCASSO,FORNI,ELETTR. MULTIFUNZ.,432.39,549.0,https://prf.icecat.biz/?shopname=el4u&smi=product&ean_upc=8059019088938&lang=it,https://images.icecat.biz/img/gallery_thumbs/1ad7bc58428709a71bfff189a6e6e84e2bffa1e3.jpg,SI
383328,4242002917290,MSM14200 FRULL.IMMERS. 400W 4LAME INOX C/TRITATUTTO BIANCO,BOSCH,PED LINEA CUCINA,PREPARAZIONE CIBI,FRULLATORI AD IMMERSIONE,30.01,36.9,https://prf.icecat.biz/?shopname=el4u&smi=product&ean_upc=4242002917290&lang=it,https://images.icecat.biz/img/gallery_thumbs/36575935_6379074002.jpg,SI
383527,8059019095165,BS410B10S LAV.C/FRONT 10KG 1400GIRI CE.A-40% INV VAPORE WIFI,CANDY,GED LAVAGGIO,LAVATRICI CARICA FRONTALE,"DA 10 A 10,99 KG",468.24,599.0,https://prf.icecat.biz/?shopname=el4u&smi=product&ean_upc=8059019095165&lang=it,https://images.icecat.biz/img/gallery_thumbs/8d39f524420f982061671266f09586c4519dc553.jpg,SI
383758,8059019099507,BWS4128B8S LAVASC.C/F.1400G L.12KG-ASC.8KG CE.D INV VAP WIFI,CANDY,GED LAVAGGIO,LAVASCIUGA,CARICA FRONTALE,538.94,699.0,https://prf.icecat.biz/?shopname=el4u&smi=product&ean_upc=8059019099507&lang=it,https://images.icecat.biz/img/gallery_thumbs/482836fa997919c4aa7a6e8048561f1b999f79bc.jpg,SI
383763,8059019068671,HCU2102DWB41S LAV.C/FRONT 10KG 1200GIRI CE.B NFC,CANDY,GED LAVAGGIO,LAVATRICI CARICA FRONTALE,"DA 10 A 10,99 KG",275.43,369.0,https://prf.icecat.biz/?shopname=el4u&smi=product&ean_upc=8059019068671&lang=it,https://images.icecat.biz/img/gallery_thumbs/ded5ba894451a5555257579491b890f7.jpg,SI
383934,753759338060,0100290400 SMART WATCH 47MM FENIX 8 SLATE GRAY/BLACK,GARMIN,TELEFONIA,TELEFONIA MOBILE,SMARTWATCH,753.32,799.9,https://prf.icecat.biz/?shopname=el4u&smi=product&ean_upc=753759338060&lang=it,https://inishop.com/img/gallery_thumbs/666cb715ed8b37878eebf918fab08c31aba1fdc2.jpg,SI
384239,8059019092959,HCR7818DWPT FRIGO 4P. 467LT CE.D NOFROST DISP.BEV. BLACK,HAIER,GED REFRIGERAZIONE,FRIGO 3 PORTE/OLTRE,NO FROST,751.54,999.0,https://prf.icecat.biz/?shopname=el4u&smi=product&ean_upc=8059019092959&lang=it,https://images.icecat.biz/img/gallery_thumbs/08ef7e57c9e24437264f0f0814aa56607a59663c.jpg,SI
384433,4242005464432,HBA514BS3 FORNO 60CM 71LT MULTIF. CL.A+ INOX,BOSCH,GED INCASSO,FORNI,ELETTR. MULTIFUNZ.,337.0,449.0,https://prf.icecat.biz/?shopname=el4u&smi=product&ean_upc=4242005464432&lang=it,https://images.icecat.biz/img/gallery_thumbs/6a15b4be1a597a600bb6c52ccfad07cefa106a08.jpg,SI
384456,4242005493272,WGB254A1IT LAV.C/FRONT 10KG 1400GIRI CE.A-20% WIFI I-DOS,BOSCH,GED LAVAGGIO,LAVATRICI CARICA FRONTALE,"DA 10 A 10,99 KG",998.13,1349.0,https://prf.icecat.biz/?shopname=el4u&smi=product&ean_upc=4242005493272&lang=it,https://images.icecat.biz/img/gallery_thumbs/a4e3273191ba4f7cbe2fdcc78d310f5de3c3cdd1.jpg,SI
385514,3838782921605,BI350XPZ FORNO 60CM 77LT MULTIF.PIZZA CL.A+ PIROLITICO INOX,HISENSE,GED INCASSO,FORNI,ELETTR. MULTIFUNZ.,461.76,599.0,,,NO
385732,8003437645624,5KEK1701EER BOLLITORE EL.2400W 1.7LT TEMP.REG. ROSSO IMPERIALE,KITCHENAID,PED LINEA CUCINA,PREPARAZIONE CIBI,BOLLITORI,145.09,199.0,https://prf.icecat.biz/?shopname=el4u&smi=product&ean_upc=8003437645624&lang=it,https://images.icecat.biz/img/gallery_thumbs/a917d704cc365fa8c19bdcf157d67ee23eea2f2d.jpg,SI
385737,8003437644979,5KMT2109EER TOSTAPANE 980W 7REG.DORAT. 2SCOMP. ROSSO IMPERIALE,KITCHENAID,PED LINEA CUCINA,COTTURA,TOSTIERE VERT.,145.09,199.0,https://prf.icecat.biz/?shopname=el4u&smi=product&ean_upc=8003437644979&lang=it,https://images.icecat.biz/img/gallery_thumbs/9680ce959e649c97580b27aa369bd43f8e77cae2.jpg,SI
385811,8057971101580,P604LLAGXV P.COTT.GAS 60CM 4F WOK G.GHISA INOX,BERTAZZONI LA GERMANIA,GED INCASSO,PIANI COTTURA,A GAS,132.53,199.0,,,NO
386972,8435484043410,4341 COOKING MACHINE 1600W 3.3LT 37FUNZ. MAMBO 11090,CECOTEC,PED LINEA CUCINA,PREPARAZIONE CIBI,COOKING MACHINE,222.3,279.0,https://prf.icecat.biz/?shopname=el4u&smi=product&ean_upc=8435484043410&lang=it,https://inishop.com/img/gallery_thumbs/b411a3e79cbb58ba3d5ccfe810752849.jpg,SI
387040,3221616130012,GZ5035 LAVA/ASPIRA RIC. 200W AUT.50MIN. X-CLEAN 4,ROWENTA,PED LINEA PULIZIA,PULITORI ACQUA/VAPORE,LAVAPAVIMENTI AD ACQUA,247.96,399.0,https://prf.icecat.biz/?shopname=el4u&smi=product&ean_upc=3221616130012&lang=it,https://images.icecat.biz/img/gallery_thumbs/7b1ae2d2b97d053ee67035c5b9fbd451f8d25c35.jpg,SI
387187,8024651003274,DGL6P52CSH LAVAST.SC/TOT.60CM 14COP CE.C 5PROG.INV.CERN.SLID.,DELONGHI,GED INCASSO,LAVASTOVIGLIE,SCOMP. TOTALE 60cm,322.54,399.0,,,NO
387229,8056446510797,CC83EXBX FRIGO 4P. 436LT CE.E NOFROST INV. D.LED INOX NERO,GRF,GED REFRIGERAZIONE,FRIGO 3 PORTE/OLTRE,NO FROST,552.46,999.0,,,NO
387328,8056446511107,CHF500E CONG.ORIZZ. 500LT CE.E ILL.LED INVERTER BIANCO,GRF,GED REFRIGERAZIONE,CONGELATORI ORIZZONTALI,OLTRE 350 LT.,561.6,799.0,,,NO
387503,4242005483044,SMI4ECS28E LAVAST.C/FRONT.INOX 60CM 14COP. CE.A 3CEST WIFI,BOSCH,GED INCASSO,LAVASTOVIGLIE,SCOMP. PARZIALE 60cm.,722.77,999.0,,,NO
388497,8059606966175,SA765MI6 CUCINA 70CM 5F/GAS F.ELETT.MULTI VENTILA.CL.A INOX,GLEM,GED COTTURA,CUCINE CON FORNO ELETTRICO,DA 70 A 79 CM,680.85,949.0,https://prf.icecat.biz/?shopname=el4u&smi=product&ean_upc=8059606966175&lang=it,https://inishop.com/img/gallery_thumbs/11d6c7be5616a4ebad7bd65269feeb48255b8c90.jpg,SI
388738,8056446511367,CGT83EXM FRIGO 4P. 436LT CE.E NOFROST DISP.LED INV. MARMO,GRF,GED REFRIGERAZIONE,FRIGO 3 PORTE/OLTRE,NO FROST,544.18,849.0,,,NO
388874,8690842605857,BBIM17300BSEA FORNO 60CM 72LT MULTIF.AIRFRY CL.A+ DISP.LED NERO,BEKO,GED INCASSO,FORNI,ELETTR. MULTIFUNZ.,266.47,399.0,https://prf.icecat.biz/?shopname=el4u&smi=product&ean_upc=8690842605857&lang=it,https://images.icecat.biz/img/gallery_thumbs/560be2e848f573a4ab1d5c06cd855eb5679b216d.jpg,SI
389177,3838782948763,GM643XHFCI P.COTT.GAS 60CM 4F G.GHISA INOX,HISENSE,GED INCASSO,PIANI COTTURA,A GAS,133.53,179.0,https://prf.icecat.biz/?shopname=el4u&smi=product&ean_upc=3838782948763&lang=it,https://images.icecat.biz/img/gallery_thumbs/5e496b82ba1d47f399b934dbbdc4a59dddba747c.jpg,SI
389248,6901018094361,HDPW5620ANPK COMBI 409LT CE.A NOFROST INVERT DISPLAY WIFI INOX,HAIER,GED REFRIGERAZIONE,FRIGO COMBINATI,NO FROST,786.77,999.0,https://prf.icecat.biz/?shopname=el4u&smi=product&ean_upc=6901018094361&lang=it,https://images.icecat.biz/img/gallery_thumbs/0e912be7b62ce20f9a5840ee00b4378603c57951.jpg,SI
389257,8806097315179,RB50DG632ES9EF COMBI 459LT CE.E L.75CM NOFROST D.ACQ/GH.WIFI INOX,SAMSUNG,GED REFRIGERAZIONE,FRIGO COMBINATI,NO FROST,824.05,999.0,https://prf.icecat.biz/?shopname=el4u&smi=product&ean_upc=8806097315179&lang=it,https://images.icecat.biz/img/gallery_thumbs/12fc227e9da412eba37ae6eab201e010736b1e0f.jpg,SI
389406,3838782924477,BI64213SEPBG FORNO 60CM 77LT MULTIF. PIROLITICO CL.A+ NERO,HISENSE,GED INCASSO,FORNI,ELETTR. MULTIFUNZ.,293.28,399.0,https://prf.icecat.biz/?shopname=el4u&smi=product&ean_upc=3838782924477&lang=it,https://images.icecat.biz/img/gallery_thumbs/05333f686acfdf2a5b906c35ac88c49b93d63a2a.jpg,SI
389951,8059304468926,WGDP215NSRE0 FRIGO 2P. 215LT CE.E STATICO ILL.LED RETRO ROSSO,SMARTWAY,GED REFRIGERAZIONE,FRIGO DOPPIA PORTA,STATICO,334.5,499.0,,,NO
389952,8059304468971,WVCBR373NCE0 COMBI 331LT CE.E NOFROST ILL.LED RETRO BEIGE,SMARTWAY,GED REFRIGERAZIONE,FRIGO COMBINATI,NO FROST,624.05,899.0,,,NO
389953,8059304468964,WVCBR373NKE0 COMBI 331LT CE.E NOFROST ILL.LED RETRO NERO,SMARTWAY,GED REFRIGERAZIONE,FRIGO COMBINATI,NO FROST,629.72,899.0,,,NO
389954,8059304468957,WVCBR373NRE0 COMBI 331LT CE.E NOFROST ILL.LED RETRO ROSSO,SMARTWAY,GED REFRIGERAZIONE,FRIGO COMBINATI,NO FROST,624.05,899.0,,,NO
390005,4002516794486,GUARDL1ALLERGY ASPIR. C/SACCO 890W 3.5LT DISP.LCD BIANC.BRILLANTE,MIELE,PED LINEA PULIZIA,ASPIRAPOLVERE,CARRELLO CON SACCO,212.22,299.0,,,NO
390011,4002516833796,GUARDM1FLEX ASPIR. C/SACCO 890W 4.5LT BLU NORDICO,MIELE,PED LINEA PULIZIA,ASPIRAPOLVERE,CARRELLO CON SACCO,198.07,279.0,,,NO
390015,4002516794066,GUARDS1GIALLOTRAMONTO ASPIR. C/SACCO 890W 3.5LT GIALLO TRAMONTO,MIELE,PED LINEA PULIZIA,ASPIRAPOLVERE,CARRELLO CON SACCO,127.19,169.9,,,NO
390017,4002516794080,GUARDS1PARQUETXL ASPIR. C/SACCO 890W 3.5LT BIANCO BRILLANTE,MIELE,PED LINEA PULIZIA,ASPIRAPOLVERE,CARRELLO CON SACCO,159.07,199.0,,,NO
390192,8806097105619,WF90F09C4SU3 LAV.C/F.9KG 1400G.CE.A-55% INV.WIFI VAP.DARK SI,SAMSUNG,GED LAVAGGIO,LAVATRICI CARICA FRONTALE,"DA 9 A 9,99 KG",808.17,1099.0,https://prf.icecat.biz/?shopname=el4u&smi=product&ean_upc=8806097105619&lang=it,https://images.icecat.biz/img/gallery_thumbs/1556a1aae84b5bc7cd8927bc109bbd1aa351597a.jpg,SI
390316,4242005327096,HRG7764B1 FORNO 60CM 71LT MULTIF.20 VAPORE PIROLITICO NERO,BOSCH,GED INCASSO,FORNI,ELETTR. MULTIFUNZ.,1278.03,1799.0,https://prf.icecat.biz/?shopname=el4u&smi=product&ean_upc=4242005327096&lang=it,https://images.icecat.biz/img/gallery_thumbs/a3afd3d8d49f1baef1ed073f303a78c5.jpg,SI
390317,4242005482320,SMD8TCX04E LAVAST.SC/TOT.60CM 14COP CE.A 3CEST. ZEOLITE WIFI,BOSCH,GED INCASSO,LAVASTOVIGLIE,SCOMP. TOTALE 60cm,970.56,1399.0,https://prf.icecat.biz/?shopname=el4u&smi=product&ean_upc=4242005482320&lang=it,https://images.icecat.biz/img/gallery_thumbs/f3effe804c13cfb684f48c6976abbc1220238240.jpg,SI
390442,4242005506637,KGN49OCAF COMBI 440LT CE.A L.70CM NOFROST ACCIAIO ANTRACITE,BOSCH,GED REFRIGERAZIONE,FRIGO COMBINATI,NO FROST,1095.64,1499.0,https://prf.icecat.biz/?shopname=el4u&smi=product&ean_upc=4242005506637&lang=it,https://images.icecat.biz/img/gallery_thumbs/df3515d68d389249f252d33e8eacb4ed7285efd2.jpg,SI
390464,8054341710632,WGDP215NSCE0 FRIGO 2P. 215LT CE.E STATICO ILL.LED RETRO CREMA,SMARTWAY,GED REFRIGERAZIONE,FRIGO DOPPIA PORTA,STATICO,334.5,499.0,,,NO
390465,8054341710625,WGDP215NSKE0 FRIGO 2P. 215LT CE.E STATICO ILL.LED RETRO NERO,SMARTWAY,GED REFRIGERAZIONE,FRIGO DOPPIA PORTA,STATICO,334.5,499.0,,,NO
390467,8054341711080,WGFT103SMCE0 FRIGO TAVOLO 95LT CE.E ILL.LED RETRO CREMA,SMARTWAY,GED REFRIGERAZIONE,FRIGO TAVOLO,FRIGO TAVOLO,197.26,299.0,,,NO
390468,8054341711073,WGFT103SMKE0 FRIGO TAVOLO 95LT CE.E ILL.LED RETRO NERO,SMARTWAY,GED REFRIGERAZIONE,FRIGO TAVOLO,FRIGO TAVOLO,197.26,299.0,,,NO
390469,8054341711066,WGFT103SMRE0 FRIGO TAVOLO 95LT CE.E ILL.LED RETRO ROSSO,SMARTWAY,GED REFRIGERAZIONE,FRIGO TAVOLO,FRIGO TAVOLO,197.26,299.0,,,NO
390599,4242005461974,SMV4EMX71S LAVAST.SC/TOT.60CM 14COP CE.B 3CEST. WIFI,BOSCH,GED INCASSO,LAVASTOVIGLIE,SCOMP. TOTALE 60cm,574.2,749.0,https://prf.icecat.biz/?shopname=el4u&smi=product&ean_upc=4242005461974&lang=it,https://images.icecat.biz/img/gallery_thumbs/9739219af7850cbd93b1c41b5db3d2fa6165971d.jpg,SI
390602,0753759314743,"0100278401 SMART WATCH 1.4"" 45MM VENU 3 BLACK/SLATE",GARMIN,TELEFONIA,TELEFONIA MOBILE,SMARTWATCH,350.86,350.86,https://prf.icecat.biz/?shopname=el4u&smi=product&ean_upc=0753759314743&lang=it,https://inishop.com/img/gallery_thumbs/3954f9da82e99509d10e090bf685f602.jpg,SI
390691,4002516867678,WEA135WCS LAV.C/FRONT 8KG 1400GIRI CE.A-10% INVERT.CAPDOSING,MIELE,GED LAVAGGIO,LAVATRICI CARICA FRONTALE,"DA 8 A 8,99 KG",773.03,899.0,,,NO
390692,4002516868040,WEB365WCS LAV.C/FRONT 8KG 1400GIRI CE.A-20% INVERT.WIFI VAP.,MIELE,GED LAVAGGIO,LAVATRICI CARICA FRONTALE,"DA 8 A 8,99 KG",855.45,999.0,,,NO
390695,4002516867982,WEG885WCS LAV.C/FRONT 9KG 1400GIRI A-20% INV.WIF.VAP.TWINDOS,MIELE,GED LAVAGGIO,LAVATRICI CARICA FRONTALE,"DA 9 A 9,99 KG",1156.68,1499.0,,,NO
390707,4002516829751,12557060 SACCHETTI ASPIRAP. 4PZ+1FILTRO HYCLEAN PURE TU,MIELE,PED LINEA PULIZIA,ACCESSORI E RICAMBI,SACCHETTI,13.09,19.9,,,NO
390708,4002516830085,12557080 SACCHETTI ASPIRAP. 4PZ+1FILTRO HYCLEAN PURE CO,MIELE,PED LINEA PULIZIA,ACCESSORI E RICAMBI,SACCHETTI,13.09,19.9,,,NO
390862,4002516874980,TEA535WP ASCIUG.C/FRONT 8KG CE.C INVERTER ILL.LED,MIELE,GED LAVAGGIO,ASCIUGATRICI,"DA 8 A 8,99 KG",759.63,899.0,,,NO
390863,4002516874966,TEC645WP ASCIUG.C/FRONT 8KG CE.C INVERTER WIFI ILL.LED,MIELE,GED LAVAGGIO,ASCIUGATRICI,"DA 8 A 8,99 KG",839.02,999.0,,,NO
390864,4002516875093,TED655WP ASCIUG.C/FRONT 9KG CE.C INVERTER WIFI ILL.LED,MIELE,GED LAVAGGIO,ASCIUGATRICI,"DA 9 A 9,99 KG",894.61,1199.0,,,NO
390899,7333394068060,TO64IM0BIB P.COTT.INDUZ.60CM 4ZONE TOUCH VETROCER.NERO,AEG,GED INCASSO,PIANI COTTURA,INDUZIONE,391.52,499.0,https://prf.icecat.biz/?shopname=el4u&smi=product&ean_upc=7333394068060&lang=it,https://inishop.com/img/gallery_thumbs/57ae547ca4fecd609d46925ecfe859562900f7e0.jpg,SI
390904,7333394107219,TU5PB43SM FORNO 60CM 72LT MULTIF. CL.A++ PIROLITICO INOX,AEG,GED INCASSO,FORNI,ELETTR. MULTIFUNZ.,495.82,699.0,https://prf.icecat.biz/?shopname=el4u&smi=product&ean_upc=7333394107219&lang=it,https://inishop.com/img/gallery_thumbs/25ed861ad901262809cdb7c3f4b3693284a38060.jpg,SI
390970,8690842688553,BDIN37530 LAVAST.SC/TOT.60CM 15COP CE.D 3CEST. 6PROG.SLIDING,BEKO,GED INCASSO,LAVASTOVIGLIE,SCOMP. TOTALE 60cm,351.32,469.0,https://prf.icecat.biz/?shopname=el4u&smi=product&ean_upc=8690842688553&lang=it,https://images.icecat.biz/img/gallery_thumbs/b8a56e92e313a02bf9d7111c6628e7f337c98d34.jpg,SI
390971,8690842685286,DIN34330 LAVAST.SC/TOT.60CM 13COP CE.D DISP.DIG.TOUCH INOX,BEKO,GED INCASSO,LAVASTOVIGLIE,SCOMP. TOTALE 60cm,282.54,369.0,https://prf.icecat.biz/?shopname=el4u&smi=product&ean_upc=8690842685286&lang=it,https://images.icecat.biz/img/gallery_thumbs/952e2b9ecd87637939fa6c9f6f6f98ae76499775.jpg,SI
391503,3838782957970,HV663A65 LAVAST.SC/TOT.60CM 16COP CE.A 3CEST. INV. AUTO DRY,HISENSE,GED INCASSO,LAVASTOVIGLIE,SCOMP. TOTALE 60cm,449.29,599.0,https://prf.icecat.biz/?shopname=el4u&smi=product&ean_upc=3838782957970&lang=it,https://images.icecat.biz/img/gallery_thumbs/43aa6a0795f05ea76b6b73063a836b13d58e463e.jpg,SI
391582,8806096187531,GTFN256SET COMBI INC. 233LT H.177CM CE.E NOFROST METAL FRESH,LG,GED INCASSO,FRIGORIFERI,COMBINATI,685.83,999.0,https://prf.icecat.biz/?shopname=el4u&smi=product&ean_upc=8806096187531&lang=it,https://images.icecat.biz/img/gallery_thumbs/8c21465a832cca3bf3e5f7c11ebb56a4e754399f.jpg,SI
391594,4002516556138,BLIZZARDCX1PARQUETFLEXPOWER ASPIR. S/SACCO 890W 2LT HEPA SPAZZ.PARQUET,MIELE,PED LINEA PULIZIA,ASPIRAPOLVERE,CARRELLO SENZA SACCO,294.56,399.0,,,NO
391612,8690842753657,WIT8A4BW LAV.INC. 8KG 1400GIRI CE.A 15PROG.D.TOUCH INV.VAP,BEKO,GED INCASSO,LAVATRICI,LAVATRICI,418.67,599.0,https://prf.icecat.biz/?shopname=el4u&smi=product&ean_upc=8690842753657&lang=it,https://images.icecat.biz/img/gallery_thumbs/7df2359d07c97a45a45628d34daaf5fe6033c8eb.jpg,SI
391754,4002516905752,G5611ICLST LAVAST.C/FRONT.INOX 60CM 13COP. CE.A 5PROG.,MIELE,GED INCASSO,LAVASTOVIGLIE,SCOMP. PARZIALE 60cm.,743.11,1049.0,,,NO
391764,4002516905707,G5653VI LAVAST.SC/TOT.60CM 13COP CE.A 5PROG. INOX,MIELE,GED INCASSO,LAVASTOVIGLIE,SCOMP. TOTALE 60cm,707.93,999.0,,,NO
391765,4002516905943,G5663SCVI LAVAST.SC/TOT.60CM 14COP CE.A 3CESTO,MIELE,GED INCASSO,LAVASTOVIGLIE,SCOMP. TOTALE 60cm,774.47,1099.0,,,NO
391766,4002516905950,G5811SCUOBSW LAVAST.60CM 14COP CE.A SOTTOPIANO 3CESTO NERO,MIELE,GED LAVAGGIO,LAVASTOVIGLIE,SOTTOPIANO/APPOGGIO,844.45,1149.0,,,NO
391767,4002516906018,G5853SCVI LAVAST.SC/TOT.60CM 14COP CE.A 3CEST.MULTIF.3D INOX,MIELE,GED INCASSO,LAVASTOVIGLIE,SCOMP. TOTALE 60cm,949.39,1349.0,,,NO
391769,4002516906049,G7040SCCLST LAVAST.14COP CE.A 11PROG.3CEST.AUTODOS WIFI INOX,MIELE,GED LAVAGGIO,LAVASTOVIGLIE,60x60,953.98,1299.0,,,NO
392056,8003437056307,W0ID751AX LAVAST.SC/TOT.60CM 14COP CE.B 3CEST. 10PROG.,WHIRLPOOL,GED INCASSO,LAVASTOVIGLIE,SCOMP. TOTALE 60cm,423.68,599.0,https://prf.icecat.biz/?shopname=el4u&smi=product&ean_upc=8003437056307&lang=it,https://images.icecat.biz/img/gallery_thumbs/324daa196d3beff37f1387051d78730e8fb55c9f.jpg,SI
392871,8690842790881,BMEPT481SBIIT ASCIUG.C/FRONT 8KG CE.C INVERTER VAPOR.DISP.DIG.NX,BEKO,GED LAVAGGIO,ASCIUGATRICI,"DA 8 A 8,99 KG",393.18,499.0,https://prf.icecat.biz/?shopname=el4u&smi=product&ean_upc=8690842790881&lang=it,https://images.icecat.biz/img/gallery_thumbs/e69662eb342873725b3160e8c5350d2013f14284.jpg,SI
393150,4242005523764,WQB246D0II ASCIUG.C/FRONT 9KG CE.B INV WIFI CONDENS.AUTOPUL.,BOSCH,GED LAVAGGIO,ASCIUGATRICI,"DA 9 A 9,99 KG",999.37,1299.0,https://prf.icecat.biz/?shopname=el4u&smi=product&ean_upc=4242005523764&lang=it,https://images.icecat.biz/img/gallery_thumbs/7300439ee60d6955915dac3c3548bb8961dd67d9.jpg,SI
393400,6921081516188,HD90A367U1IT ASCIUG.C/FRONT 9KG CE.A INVERTER WIFI,HAIER,GED LAVAGGIO,ASCIUGATRICI,"DA 9 A 9,99 KG",691.12,899.0,https://prf.icecat.biz/?shopname=el4u&smi=product&ean_upc=6921081516188&lang=it,https://images.icecat.biz/img/gallery_thumbs/4ad92c43b239fdca7dafc144c52b7b1879d7dd44.jpg,SI
393402,8059019119182,HD90D357GU1IT ASCIUG.C/FRONT 9KG CE.D WIFI ANTRACITE,HAIER,GED LAVAGGIO,ASCIUGATRICI,"DA 9 A 9,99 KG",486.44,599.0,,,NO
393426,8690842797743,BMWEP10147DB LAV.C/FRONT 10KG 1400G. CE.A-10% INV.VAP.OBLO NERO,BEKO,GED LAVAGGIO,LAVATRICI CARICA FRONTALE,"DA 10 A 10,99 KG",332.67,429.0,https://prf.icecat.biz/?shopname=el4u&smi=product&ean_upc=8690842797743&lang=it,https://images.icecat.biz/img/gallery_thumbs/d7431deb820b06d7665d5285da403c65d7730d34.jpg,SI
393427,8690842799402,BMWEP8147DB LAV.C/FRONT 8KG 1400GIRI CE.A-10% INV.VAP.OBLO NER,BEKO,GED LAVAGGIO,LAVATRICI CARICA FRONTALE,"DA 8 A 8,99 KG",302.0,379.0,https://prf.icecat.biz/?shopname=el4u&smi=product&ean_upc=8690842799402&lang=it,https://images.icecat.biz/img/gallery_thumbs/ca99bb5f9083d616f8f25d2a7da00e7488c7e25c.jpg,SI
393482,4002516860280,TQ1000WPNOVAEDITION ASCIUG.C/FRONT 9KG CE.B INVERTER WIFI VAP,MIELE,GED LAVAGGIO,ASCIUGATRICI,"DA 9 A 9,99 KG",1977.47,2699.0,,,NO
393921,753759341336,"0100302500 SMART WATCH 1.3"" 47MM FENIX E STAINLESS STEEL",GARMIN,TELEFONIA,TELEFONIA MOBILE,SMARTWATCH,445.27,459.9,https://prf.icecat.biz/?shopname=el4u&smi=product&ean_upc=753759341336&lang=it,https://inishop.com/img/gallery_thumbs/c3cc777a56b639e2ed227c322c2d2d46b487cb5a.jpg,SI
393922,753759341343,"0100302501 SMART WATCH 1.3"" 47MM FENIX E SLATE GRAY STEE",GARMIN,TELEFONIA,TELEFONIA MOBILE,SMARTWATCH,445.27,459.9,https://prf.icecat.biz/?shopname=el4u&smi=product&ean_upc=753759341343&lang=it,https://inishop.com/img/gallery_thumbs/ba68ee467307a4201ce02a367babd4d0a13bdcbd.jpg,SI
394157,4242005529308,SMV4HVX14E LAVAST.SC/TOT.60CM 14C CE.C 3CEST. WIFI V. POLINOX,BOSCH,GED INCASSO,LAVASTOVIGLIE,SCOMP. TOTALE 60cm,485.68,649.0,https://prf.icecat.biz/?shopname=el4u&smi=product&ean_upc=4242005529308&lang=it,https://images.icecat.biz/img/gallery_thumbs/3c01fc20a9221c11544b5ecd2a86acca7d553ad1.jpg,SI
394238,7612986497793,1150735610 MISCELATORE CANNA GIREVOLE POLA J HP CHROME,FRANKE,GED INCASSO,RUBINETTERIA,RUBINETTERIA,55.15,89.0,,,NO
394256,6921081502136,HWD120BD16397EUS LAVASC.C/F1600G L12KG-A7KG CE.A-10% WIFI VAP P/CAL,HAIER,GED LAVAGGIO,LAVASCIUGA,CARICA FRONTALE,1300.12,1999.0,https://prf.icecat.biz/?shopname=el4u&smi=product&ean_upc=6921081502136&lang=it,https://images.icecat.biz/img/gallery_thumbs/6c4f182eabc859bdef8c349d49f43ad8bd9e0b6a.jpg,SI
394462,7333394133058,FSE77717P LAVAST.SC/TOT.60CM 14COP CE.A-10% 3CEST. INVERTER,AEG,GED INCASSO,LAVASTOVIGLIE,SCOMP. TOTALE 60cm,677.62,899.0,https://prf.icecat.biz/?shopname=el4u&smi=product&ean_upc=7333394133058&lang=it,https://inishop.com/img/gallery_thumbs/96586988_3460269948.jpg,SI
394495,4002516638377,12144710 SET DETERSIVO 2ULTRACOLOR E 2WOOLCARE,MIELE,GED LAVAGGIO,ACCESSORI,ACCESSORI LAVATR./ASCIUG.,58.63,75.6,,,NO
394818,8059019092850,HAVG6BF4TBPB P.COTT.GAS 60CM 4F G.GHISA IN CRISTALLO NERO,HAIER,GED INCASSO,PIANI COTTURA,A GAS,255.84,349.0,https://prf.icecat.biz/?shopname=el4u&smi=product&ean_upc=8059019092850&lang=it,https://images.icecat.biz/img/gallery_thumbs/0422331d5efde8ca62603362df7d6b85a48d6475.jpg,SI
394820,8059019083001,H6ID23B3HTX FORNO 60CM 78LT MULTI11 CL.A++IDROLIT.WIF.NER/INOX,HAIER,GED INCASSO,FORNI,ELETTR. MULTIFUNZ.,339.02,449.0,https://prf.icecat.biz/?shopname=el4u&smi=product&ean_upc=8059019083001&lang=it,https://images.icecat.biz/img/gallery_thumbs/9042d0ceca8e241b10541ec5008b4439bed12bcd.jpg,SI
394821,8059019081915,SXI6B0S3FSBV LAVAST.SC/TOT.60CM 16COP CE.B 3CESTO INVERTER WIFI,HAIER,GED INCASSO,LAVASTOVIGLIE,SCOMP. TOTALE 60cm,453.2,569.0,https://prf.icecat.biz/?shopname=el4u&smi=product&ean_upc=8059019081915&lang=it,https://images.icecat.biz/img/gallery_thumbs/fde481551a7fff72dd777becb70ce1f27e6975d9.jpg,SI
396723,6921081515976,HW80BP14357GTUIT LAV.C/F.SLIM 47CM 8KG 1400G CE.A-10% VAP WIFI GREY,HAIER,GED LAVAGGIO,LAVATRICI SLIM,8KG E OLTRE,389.25,499.0,https://prf.icecat.biz/?shopname=el4u&smi=product&ean_upc=6921081515976&lang=it,https://images.icecat.biz/img/gallery_thumbs/462a6eeae9da3ae76af8668fd6324b7e6e0b274d.jpg,SI
397030,8059019079011,XI4A4M4PB LAVAST.SC/TOT.60CM 14COP CE.A 3CEST. INVERT WIFI,HAIER,GED INCASSO,LAVASTOVIGLIE,SCOMP. TOTALE 60cm,523.58,699.0,https://prf.icecat.biz/?shopname=el4u&smi=product&ean_upc=8059019079011&lang=it,https://images.icecat.biz/img/gallery_thumbs/ac3b5c33d59c9254e24c858778ca3b46.jpg,SI
397294,753759339463,"0100293300 SMART WATCH 0.9"" 45MM BT/WIFI/GPS INSTINCT E BLACK",GARMIN,TELEFONIA,TELEFONIA MOBILE,SMARTWATCH,193.37,199.9,https://prf.icecat.biz/?shopname=el4u&smi=product&ean_upc=753759339463&lang=it,https://inishop.com/img/gallery_thumbs/b9132ebcba2345e2900798a86f9d18a908748028.jpg,SI
397378,8050246542323,PLG64I1B26NVS P.COTT.INDUZ.60CM 4ZONE/1BRIDGE FORO48CM NERO,BERTAZZONI LA GERMANIA,GED INCASSO,PIANI COTTURA,INDUZIONE,184.65,249.0,,,NO
397379,4002516934868,12900920 DETERSIVO LIQUIDO ULTRACOLOR 1.5LT,MIELE,GED LAVAGGIO,ACCESSORI,ACCESSORI LAVATR./ASCIUG.,13.87,17.9,,,NO
397476,6921081515471,HW80B14367U1IT LAV.C/FRONT 8KG 1400G CE.A-45% INV. VAPORE WIFI,HAIER,GED LAVAGGIO,LAVATRICI CARICA FRONTALE,"DA 8 A 8,99 KG",408.44,499.0,https://prf.icecat.biz/?shopname=el4u&smi=product&ean_upc=6921081515471&lang=it,https://images.icecat.biz/img/gallery_thumbs/3ea7a341d17a4a7fd8711db115c25339c459668f.jpg,SI
397493,8690842787737,BDIS16030 LAVAST.SC/TOT.SLIM 45CM 10COP CE.D 6PROG.,BEKO,GED INCASSO,LAVASTOVIGLIE,SCOMP. TOTALE 45cm.,330.02,449.0,https://prf.icecat.biz/?shopname=el4u&smi=product&ean_upc=8690842787737&lang=it,https://images.icecat.biz/img/gallery_thumbs/274aceafcb651e6f332cac779c304e469230538e.jpg,SI
397532,4002516974611,12964400 SET 6PZ DETERSIVO ULTRAPHASE 1 E 2 FLORALBOOST,MIELE,GED LAVAGGIO,ACCESSORI,ACCESSORI LAVATR./ASCIUG.,85.68,93.9,,,NO
397533,4002516974529,12964530 SET 6PZ DETERSIVO ULTRAPHASE 1 E 2 REFRESH ELIXIR,MIELE,GED LAVAGGIO,ACCESSORI,ACCESSORI LAVATR./ASCIUG.,85.68,93.9,,,NO
397575,4242005531356,WAN24009IT LAV.C/FRONT 9KG 1200GIRI CE.A,BOSCH,GED LAVAGGIO,LAVATRICI CARICA FRONTALE,"DA 9 A 9,99 KG",480.02,599.0,https://prf.icecat.biz/?shopname=el4u&smi=product&ean_upc=4242005531356&lang=it,https://images.icecat.biz/img/gallery_thumbs/f6717a723dbfacacf4f126c7c555f1da90b331a7.jpg,SI
398180,4002516980568,12982850 PRODOTTO X PULIZI.LAVATR/LAVAST.200GR INTENSEC,MIELE,GED LAVAGGIO,ACCESSORI,ACCESSORI LAVATR./ASCIUG.,10.78,10.78,,,NO
398265,7612986498622,1150735623 MISCELATORE CANNA GIREVOLE POLA J HP AVENA,FRANKE,GED INCASSO,RUBINETTERIA,RUBINETTERIA,59.87,89.0,,,NO
